year,group,match,team,score,TPP,shots,target,possession,target_shots,coner.kicks,TPC,TPA,LPC_SPC,LPP,LPC,LPA,SPC,SPA,LPC_LPA,SPP,LPP_SPP,MPC,MPA,SPA_LPA,LB,CB,RB,BACK,LM,CM,RM,LF,CF,RF,LA,CA,RA,fouls,side,formation,Opponent,side_attack,result,cluster
2010,A,1,South Africa,1,62,9,5,42,0.555555556,4,209,335,1.027777778,0.37755102,37,98,36,57,0.37755102,0.631578947,0.597789116,136,180,0.581632653,3,11,4,0.055555556,17,19,18,6,12,9,20,30,50,17,57,442,Mexico,57,d,2
2010,A,1,Mexico,1,80,14,5,58,0.357142857,5,447,561,1.227272727,0.692307693,81,117,66,86,0.692307692,0.76744186,0.902097902,300,358,0.735042735,3,10,5,0.055555556,16,24,18,4,10,10,12,38,50,13,56,4123,South Africa,56,d,2
2010,A,2,Uruguay,0,64,7,3,46,0.428571429,0,277,434,0.392857143,0.452054795,33,73,84,134,0.452054795,0.626865672,0.721135029,160,227,1.83561644,6,11,7,0.041666667,25,15,13,6,12,5,100,0,0,13,62,442,France,62,d,3
2010,A,2,France,0,69,18,3,54,0.166666667,4,369,531,0.330188679,0.402298851,35,87,106,133,0.402298851,0.796992481,0.504771199,228,311,1.528735633,4,8,4,0.0625,17,17,16,11,9,14,47,40,13,20,66,4123,Uruguay,66,d,4
2010,A,3,South Africa,0,78,10,3,50,0.3,3,423,539,0.26984127,0.45945946,34,74,126,150,0.459459459,0.84,0.546975547,263,315,2.027027028,3,9,4,0.0625,18,22,22,4,10,8,40,10,50,14,59,442,Uruguay,59,l,4
2010,A,3,Uruguay,3,72,19,6,50,0.315789474,4,290,401,0.346153846,0.385714286,27,70,78,92,0.385714286,0.847826087,0.454945055,185,239,1.314285715,5,10,4,0.052631579,21,14,18,8,11,9,29,21,50,10,65,41212,South Africa,65,w,3
2010,A,4,France,0,68,13,4,53,0.307692308,7,322,476,0.506493506,0.45882353,39,85,77,114,0.458823529,0.675438596,0.679297173,206,277,1.341176471,2,13,3,0.055555556,15,20,13,10,14,10,56,44,0,23,53,4231,Mexico,53,l,4
2010,A,4,Mexico,2,66,12,5,47,0.416666667,1,286,433,0.426829268,0.421686747,35,83,82,109,0.421686747,0.752293578,0.560534822,169,241,1.313253012,6,11,10,0.037037037,18,16,16,6,12,5,50,33,17,25,61,4123,France,61,w,3
2010,A,5,Mexico,0,80,11,2,59,0.181818182,6,476,595,0.680412371,0.673469388,66,98,97,119,0.673469388,0.81512605,0.826215022,313,378,1.214285714,3,10,6,0.052631579,15,22,19,7,11,7,25,17,58,20,57,4321,Uruguay,57,l,4
2010,A,5,Uruguay,1,60,15,5,41,0.333333333,7,188,315,0.860465116,0.451219512,37,82,43,65,0.451219512,0.661538462,0.682076007,108,168,0.792682927,2,10,7,0.052631579,12,15,22,7,13,12,46,8,46,13,62,4312,Mexico,62,w,3
2010,A,6,France,1,72,10,4,50,0.4,3,309,428,0.639344262,0.475609756,39,82,61,82,0.475609756,0.743902439,0.639344262,209,264,1,6,13,5,0.041666667,22,18,16,4,13,3,34,44,22,10,56,4231,South Africa,56,l,2
2010,A,6,South Africa,2,78,21,10,50,0.476190476,5,381,491,0.511363636,0.494505495,45,91,88,110,0.494505495,0.8,0.618131868,248,290,1.208791209,4,9,6,0.052631579,18,21,17,8,10,7,23,46,31,12,60,442,France,60,w,4
2010,B,7,South Korea,2,67,18,7,50,0.388888889,6,333,499,0.58974359,0.410714286,46,112,78,99,0.410714286,0.787878788,0.521291209,209,288,0.883928572,7,13,8,0.035714286,16,14,16,5,14,7,47,20,33,14,59,442,Greece,59,w,3
2010,B,7,Greece,0,68,6,2,50,0.333333333,11,340,500,0.642857143,0.406015038,54,133,84,113,0.406015038,0.743362832,0.546186896,202,254,0.84962406,3,10,5,0.055555556,15,20,23,4,13,7,62,13,25,12,57,442,South Korea,57,l,3
2010,B,8,Argentina,1,75,20,7,58,0.35,10,446,597,0.341880342,0.430107527,40,93,117,144,0.430107527,0.8125,0.52936311,289,360,1.548387098,5,10,6,0.047619048,14,17,19,10,10,9,62,25,13,7,63,4312,Nigeria,63,w,4
2010,B,8,Nigeria,0,63,11,1,42,0.090909091,4,231,367,0.439393939,0.371794872,29,78,66,97,0.371794872,0.680412371,0.546425796,136,192,1.243589744,5,12,3,0.05,10,16,19,8,13,14,0,0,100,8,59,433,Argentina,59,l,3
2010,B,9,Argentina,4,74,22,11,56,0.5,6,360,484,0.552941176,0.522222222,47,90,85,105,0.522222222,0.80952381,0.645098039,228,289,1.166666667,5,10,5,0.05,16,20,17,8,11,8,27,33,40,19,59,433,South Korea,59,w,4
2010,B,9,South Korea,1,62,13,2,44,0.153846154,2,207,336,1.189189189,0.517647059,44,85,37,61,0.517647059,0.606557377,0.853418124,126,190,0.717647059,4,11,9,0.041666667,9,20,19,6,11,11,50,25,25,19,58,4231,Argentina,58,l,3
2010,B,10,Greece,2,77,27,11,56,0.407407407,11,352,455,0.794520548,0.58,58,100,73,88,0.58,0.829545455,0.699178082,221,267,0.88,2,9,3,0.071428571,17,21,15,9,11,13,23,33,44,13,59,4123,Nigeria,59,w,4
2010,B,10,Nigeria,1,72,10,4,44,0.4,3,266,372,0.483870968,0.384615385,30,78,62,80,0.384615385,0.775,0.496277916,174,214,1.025641026,3,16,4,0.043478261,10,19,20,6,17,5,50,25,25,15,48,442,Greece,48,l,1
2010,B,11,Nigeria,2,69,11,4,45,0.363636364,1,301,438,0.714285714,0.505617977,45,89,63,93,0.505617978,0.677419355,0.746388443,193,256,1.044943821,5,13,6,0.041666667,14,19,16,5,13,9,24,38,38,22,55,4231,South Korea,55,d,1
2010,B,11,South Korea,2,74,16,8,55,0.5,7,364,490,0.509615385,0.576086956,53,92,104,125,0.576086957,0.832,0.692412207,207,273,1.358695652,5,8,6,0.052631579,22,14,14,12,9,10,47,12,41,12,69,442,Nigeria,69,d,4
2010,B,12,Greece,0,52,7,3,33,0.428571429,1,145,277,0.941176471,0.444444444,32,72,34,63,0.444444444,0.53968254,0.823529412,79,142,0.875,3,14,8,0.04,13,18,22,4,15,3,20,40,40,15,53,4141,Argentina,53,l,1
2010,B,12,Argentina,2,83,22,12,67,0.545454545,10,662,800,0.341176471,0.651685393,58,89,170,216,0.651685393,0.787037037,0.828023794,434,495,2.426966292,4,5,4,0.076923077,18,24,19,9,7,10,18,53,29,8,64,433,Greece,64,w,4
2010,C,13,England,1,70,18,8,53,0.444444444,8,339,487,0.955223881,0.520325203,64,123,67,94,0.520325203,0.712765957,0.730008494,208,270,0.764227642,4,12,8,0.041666667,16,17,12,7,15,9,21,50,29,12,56,442,United States,56,d,2
2010,C,13,United States,1,58,13,4,47,0.307692308,4,218,376,0.563636364,0.344444444,31,90,55,84,0.344444444,0.654761905,0.526060606,132,202,0.933333334,3,11,4,0.055555556,11,22,21,5,14,9,11,33,56,14,53,442,England,53,d,1
2010,C,14,Algeria,0,72,11,2,48,0.181818182,4,343,479,0.569892473,0.456896552,53,116,93,114,0.456896552,0.815789474,0.560066741,197,249,0.98275862,7,15,7,0.034482759,17,14,13,6,16,3,75,0,25,17,53,433,Slovenia,53,l,3
2010,C,14,Slovenia,1,74,7,4,52,0.571428571,3,398,537,0.738461538,0.545454546,48,88,65,96,0.545454545,0.677083333,0.805594406,285,353,1.090909091,3,13,5,0.047619048,12,26,20,3,15,3,25,50,25,10,46,442,Algeria,46,w,2
2010,C,15,Slovenia,2,68,7,4,48,0.571428571,2,276,406,0.428571429,0.4,30,75,70,91,0.4,0.769230769,0.52,176,240,1.213333334,2,11,4,0.058823529,19,17,13,13,13,8,42,29,29,15,59,442,United States,59,d,2
2010,C,15,United States,2,71,14,6,52,0.428571429,4,303,428,0.52238806,0.402298851,35,87,67,81,0.402298851,0.827160494,0.486361297,201,260,0.931034483,3,11,8,0.045454545,14,23,20,4,13,4,37,13,50,18,53,442,Slovenia,53,d,2
2010,C,16,England,0,77,15,6,47,0.4,10,462,602,0.485148515,0.583333333,49,84,101,140,0.583333333,0.721428571,0.808580858,312,378,1.666666667,2,13,7,0.045454545,8,25,19,2,16,8,25,45,30,13,46,442,Algeria,46,d,1
2010,C,16,Algeria,0,72,11,1,53,0.090909091,3,383,530,0.365079365,0.446601942,46,103,126,153,0.446601942,0.823529412,0.542302358,211,274,1.485436894,6,11,5,0.045454545,17,15,18,7,13,8,37,25,38,13,61,3421,England,61,d,3
2010,C,17,Slovenia,0,62,13,6,45,0.461538462,2,241,391,1.046511628,0.441176471,45,102,43,78,0.441176471,0.551282051,0.800273598,153,211,0.764705882,6,15,7,0.035714286,17,15,16,6,16,2,14,29,57,19,54,442,England,54,l,1
2010,C,17,England,1,73,13,8,55,0.615384615,11,419,575,0.647619048,0.515151515,68,132,105,139,0.515151515,0.755395683,0.681962482,246,304,1.053030303,3,12,5,0.05,14,13,19,10,12,12,43,13,44,20,63,442,Slovenia,63,w,2
2010,C,18,United States,1,74,22,10,51,0.454545455,4,350,470,0.753246753,0.58,58,100,77,96,0.58,0.802083333,0.723116883,215,274,0.96,4,13,6,0.043478261,12,16,21,3,14,11,23,31,46,11,57,442,Algeria,57,w,2
2010,C,18,Algeria,0,74,19,4,49,0.210526316,6,331,447,0.641304348,0.578431373,59,102,92,111,0.578431373,0.828828829,0.697890026,180,234,1.088235294,5,14,6,0.04,17,15,15,6,16,6,40,25,35,21,55,3421,United States,55,l,3
2010,D,19,Serbia,0,72,13,2,51,0.153846154,4,325,454,0.796875,0.485714286,51,105,64,89,0.485714286,0.719101124,0.675446429,210,260,0.847619048,5,17,5,0.037037037,11,19,17,5,18,3,12,38,50,10,46,442,Ghana,46,l,1
2010,D,19,Ghana,1,73,16,3,49,0.1875,4,339,466,0.519480519,0.416666667,40,96,77,100,0.416666667,0.77,0.541125541,222,270,1.041666667,3,12,5,0.05,11,22,19,7,13,8,34,58,8,15,53,4231,Serbia,53,w,1
2010,D,20,Germany,4,77,16,10,55,0.625,4,472,616,1.295081967,0.637096774,79,124,61,96,0.637096774,0.635416667,1.002644104,332,396,0.774193548,2,11,6,0.052631579,10,22,24,2,13,10,20,30,50,10,54,4231,Australia,54,w,2
2010,D,20,Australia,0,72,10,2,45,0.2,7,384,530,0.482758621,0.477272727,42,88,87,119,0.477272727,0.731092437,0.652821317,255,323,1.352272728,3,13,6,0.045454545,10,20,24,0,15,9,8,23,69,19,52,4231,Germany,52,l,3
2010,D,21,Germany,0,81,15,4,51,0.266666667,7,459,570,0.523255814,0.569620253,45,79,86,111,0.569620253,0.774774775,0.735207536,328,380,1.405063291,3,12,10,0.04,10,17,20,6,13,9,21,29,50,19,58,4231,Serbia,58,l,4
2010,D,21,Serbia,1,73,9,3,49,0.333333333,1,328,448,0.739130435,0.525773196,51,97,69,90,0.525773196,0.766666667,0.685791125,208,261,0.927835051,4,16,4,0.041666667,11,20,16,4,19,6,28,36,36,10,45,4123,Germany,45,w,1
2010,D,22,Ghana,1,77,22,6,50,0.272727273,6,388,501,0.47826087,0.602739726,44,73,92,113,0.602739726,0.814159292,0.74032162,252,315,1.547945206,3,9,4,0.0625,15,22,21,6,9,11,12,35,53,22,60,4231,Australia,60,d,4
2010,D,22,Australia,1,72,8,5,50,0.625,1,340,475,0.75,0.517241379,60,116,80,106,0.517241379,0.754716981,0.685344828,200,253,0.913793103,6,13,8,0.037037037,10,20,21,1,15,6,14,43,43,18,52,4231,Ghana,52,d,2
2010,D,23,Ghana,0,71,17,5,45,0.294117647,4,325,460,0.29787234,0.318181818,28,88,94,119,0.318181818,0.789915966,0.402804642,203,253,1.352272728,6,14,4,0.041666667,13,20,13,5,16,9,28,27,45,11,50,4123,Germany,50,l,1
2010,D,23,Germany,1,77,13,6,55,0.461538462,7,491,640,0.495412844,0.568421053,54,95,109,138,0.568421053,0.789855072,0.719652342,328,407,1.452631579,2,10,7,0.052631579,16,16,18,7,12,12,41,17,42,5,62,4231,Ghana,62,w,4
2010,D,24,Australia,2,67,17,7,45,0.411764706,5,321,481,0.718309859,0.447368421,51,114,71,103,0.447368421,0.689320388,0.648999259,199,264,0.903508772,4,19,7,0.033333333,11,13,18,4,20,4,31,23,46,25,48,4231,Serbia,48,w,1
2010,D,24,Serbia,1,72,23,6,55,0.260869565,6,418,579,0.783783784,0.522522523,58,111,74,101,0.522522523,0.732673267,0.713172632,286,367,0.90990991,4,10,5,0.052631579,13,20,23,4,11,10,15,55,30,10,59,4123,Australia,59,l,4
2010,E,25,Netherlands,2,80,18,7,58,0.388888889,6,460,576,0.479591837,0.474747475,47,99,98,122,0.474747475,0.803278689,0.591012162,315,355,1.232323232,2,12,3,0.058823529,15,21,20,7,14,6,35,36,29,13,53,4231,Denmark,53,w,4
2010,E,25,Denmark,0,67,10,3,42,0.3,2,252,374,0.697674419,0.4,30,75,43,70,0.4,0.614285714,0.651162791,179,229,0.933333334,8,19,7,0.029411765,14,16,11,3,20,4,66,17,17,20,47,442,Netherlands,47,l,1
2010,E,26,Japan,1,59,5,5,44,1,0,230,389,0.36,0.27,27,100,75,93,0.27,0.806451613,0.3348,128,196,0.93,3,14,11,0.035714286,7,10,28,1,15,11,0,40,60,20,61,4141,Cameroon,61,w,2
2010,E,26,Cameroon,0,71,11,4,56,0.363636364,3,341,481,0.697368421,0.420634921,53,126,76,96,0.420634921,0.791666667,0.531328321,212,259,0.761904762,5,12,8,0.04,11,21,16,6,13,8,37,13,50,29,54,433,Japan,54,l,2
2010,E,27,Netherlands,1,77,9,5,61,0.555555556,4,517,668,0.986111111,0.581967213,71,122,72,97,0.581967213,0.742268041,0.784039162,374,449,0.795081967,4,11,4,0.052631579,19,20,18,3,13,6,25,50,25,18,54,4231,Japan,54,w,2
2010,E,27,Japan,0,64,10,3,39,0.3,5,259,406,0.603448276,0.492957746,35,71,58,94,0.492957746,0.617021277,0.79893152,166,241,1.323943662,3,11,9,0.043478261,9,20,22,6,12,6,25,25,50,11,55,4123,Netherlands,55,l,3
2010,E,28,Cameroon,1,77,23,8,54,0.347826087,7,429,559,0.725,0.597938144,58,97,80,107,0.597938144,0.747663551,0.799742268,291,355,1.103092784,3,8,3,0.071428571,12,21,17,9,10,17,34,33,33,9,61,442,Denmark,61,l,4
2010,E,28,Denmark,2,72,13,6,46,0.461538462,2,319,444,0.876923077,0.57,57,100,65,93,0.57,0.698924731,0.815538462,197,251,0.93,5,13,4,0.045454545,18,17,19,2,14,8,10,30,60,12,56,4231,Cameroon,56,w,2
2010,E,29,Denmark,1,78,19,7,56,0.368421053,7,464,592,0.952380952,0.634920635,80,126,84,110,0.634920635,0.763636364,0.831443689,300,356,0.873015873,8,11,2,0.047619048,14,22,17,5,12,9,23,33,44,23,55,4321,Japan,55,l,2
2010,E,29,Japan,3,63,15,10,44,0.666666667,2,220,348,0.545454545,0.455696203,36,79,66,88,0.455696203,0.75,0.607594937,118,181,1.11392405,1,13,6,0.05,11,15,21,5,13,15,24,13,63,10,59,4123,Denmark,59,w,2
2010,E,30,Cameroon,1,70,15,3,51,0.2,6,431,616,0.693877551,0.581196581,68,117,98,144,0.581196581,0.680555556,0.85400314,265,355,1.230769231,3,14,5,0.045454545,13,23,15,4,16,7,34,22,44,18,47,442,Netherlands,47,l,1
2010,E,30,Netherlands,2,66,15,8,49,0.533333333,1,369,563,0.346938776,0.395348837,34,86,98,152,0.395348837,0.644736842,0.613194115,237,325,1.767441859,6,18,5,0.034482759,15,17,14,3,19,4,67,22,11,15,47,4231,Cameroon,47,w,1
2010,F,31,Italy,1,70,10,5,52,0.5,8,427,611,0.360544218,0.486238532,53,109,147,189,0.486238532,0.777777778,0.625163827,227,313,1.733944953,4,9,6,0.052631579,15,16,19,11,10,10,72,21,7,15,65,4231,Paraguay,65,d,4
2010,F,31,Paraguay,1,63,8,1,48,0.125,4,300,475,0.49382716,0.416666667,40,96,81,119,0.416666667,0.680672269,0.612139918,179,260,1.239583333,6,14,7,0.037037037,20,19,13,3,15,3,29,0,71,15,52,4132,Italy,52,d,3
2010,F,32,New Zealand,1,68,8,2,52,0.25,3,286,421,1.477272727,0.528455285,65,123,44,64,0.528455285,0.6875,0.768662232,177,234,0.520325203,5,12,5,0.045454545,16,19,23,4,14,2,100,0,0,17,55,433,Slovakia,55,d,2
2010,F,32,Slovakia,1,61,13,3,48,0.230769231,10,248,407,1.384615385,0.490909091,54,110,39,66,0.490909091,0.590909091,0.830769231,155,231,0.6,3,17,6,0.038461538,12,15,22,2,19,6,45,33,22,15,51,4132,New Zealand,51,d,1
2010,F,33,Slovakia,0,70,6,1,51,0.166666667,3,330,469,0.56097561,0.489361702,46,94,82,121,0.489361702,0.67768595,0.722106902,202,254,1.287234043,4,17,10,0.032258065,11,16,16,4,19,5,0,50,50,14,50,442,Paraguay,50,l,1
2010,F,33,Paraguay,2,67,11,5,49,0.454545455,1,308,457,0.705882353,0.545454546,48,88,68,101,0.545454545,0.673267327,0.810160428,192,268,1.147727272,2,11,6,0.052631579,17,19,16,8,12,9,33,25,42,18,58,433,Slovakia,58,w,3
2010,F,34,Italy,1,75,23,7,57,0.304347826,15,426,571,0.539215686,0.572916667,55,96,102,130,0.572916667,0.784615385,0.730187908,269,345,1.354166668,3,8,4,0.066666667,15,22,17,9,9,13,20,35,45,11,61,442,New Zealand,61,d,4
2010,F,34,New Zealand,1,52,3,1,43,0.333333333,0,162,310,0.794117647,0.310344828,27,87,34,56,0.310344828,0.607142857,0.511156187,101,167,0.643678161,7,18,8,0.03030303,16,15,13,4,20,1,50,50,0,25,49,433,Italy,49,d,1
2010,F,35,Slovakia,3,69,12,4,50,0.333333333,6,292,422,0.565789474,0.452631579,43,95,76,102,0.452631579,0.745098039,0.607479224,173,225,1.073684211,3,12,9,0.041666667,15,14,19,7,12,9,50,10,40,20,62,442,Cameroon,62,w,3
2010,F,35,Italy,2,75,16,6,50,0.375,3,367,487,0.342105263,0.469879518,39,83,114,133,0.469879518,0.857142857,0.548192771,214,271,1.60240964,5,12,9,0.038461538,18,16,12,9,13,6,24,29,47,17,59,4123,Slovakia,59,l,3
2010,F,36,Paraguay,0,76,17,5,57,0.294117647,2,439,580,0.734177215,0.630434782,58,92,79,119,0.630434783,0.663865546,0.949642267,302,369,1.29347826,2,10,3,0.066666667,22,22,17,7,13,4,50,20,30,13,55,4321,New Zealand,55,d,4
2010,F,36,New Zealand,0,76,4,0,43,0,0,439,580,0.734177215,0.630434782,58,92,79,119,0.630434783,0.663865546,0.949642267,302,369,1.29347826,6,14,11,0.032258065,10,9,29,1,14,6,50,0,50,19,63,3421,Paraguay,63,d,3
2010,G,37,Ivory Coast,0,76,5,1,49,0.2,6,350,458,0.283185841,0.444444444,32,72,113,131,0.444444444,0.86259542,0.515240905,205,255,1.819444443,3,9,2,0.071428571,17,20,16,11,11,11,42,29,29,18,60,4123,Portugal,60,d,4
2010,G,37,Portugal,0,76,7,2,51,0.285714286,4,350,458,0.283185841,0.444444444,32,72,113,131,0.444444444,0.86259542,0.515240905,205,255,1.819444443,3,11,5,0.052631579,16,27,19,2,13,4,20,0,80,13,49,4123,Ivory Coast,49,d,3
2010,G,38,Brazil,2,83,26,10,63,0.384615385,7,595,715,0.429447853,0.636363637,70,110,163,191,0.636363636,0.853403141,0.745677635,362,414,1.736363637,3,5,4,0.083333333,15,22,20,9,8,14,27,26,47,9,65,41212,North Korea,65,w,4
2010,G,38,North Korea,1,66,11,3,37,0.272727273,3,239,362,0.36,0.385714286,27,70,75,100,0.385714286,0.75,0.514285714,137,192,1.428571429,8,15,6,0.034482759,13,18,20,3,16,4,22,56,22,10,54,433,Brazil,54,l,1
2010,G,39,Brazil,3,84,12,6,56,0.5,4,456,545,0.4375,0.644736842,49,76,112,138,0.644736842,0.811594203,0.794407895,295,331,1.815789473,4,12,4,0.05,12,25,23,2,14,4,11,56,33,17,49,4312,Ivory Coast,49,w,4
2010,G,39,Ivory Coast,1,76,10,4,44,0.4,3,305,400,0.4,0.551724138,32,58,80,107,0.551724138,0.747663551,0.737931034,193,235,1.844827585,5,10,5,0.05,19,16,17,6,11,11,37,13,50,23,63,433,Brazil,63,l,3
2010,G,40,Portugal,7,75,26,13,54,0.5,5,440,586,0.566666667,0.62962963,68,108,120,150,0.62962963,0.8,0.787037037,252,328,1.388888889,3,11,5,0.052631579,15,18,17,7,12,10,43,48,9,18,57,433,North Korea,57,w,4
2010,G,40,North Korea,0,70,15,4,46,0.266666667,1,323,461,0.342592593,0.5,37,74,108,146,0.5,0.739726027,0.675925926,178,241,1.972972973,3,12,8,0.043478261,13,20,16,4,14,10,0,60,40,3,54,523,Portugal,54,l,1
2010,G,41,Portugal,0,69,13,3,39,0.230769231,4,275,398,0.852459016,0.584269663,52,89,61,89,0.584269663,0.68539,0.07662553,162,220,1,8,16,7,0.032258065,12,13,18,5,17,4,60,10,30,11,54,4123,Brazil,54,d,3
2010,G,41,Brazil,0,84,19,5,61,0.263157895,7,596,712,0.5625,0.65625,63,96,112,141,0.65625,0.794326241,0.826171875,421,475,1.46875,3,7,3,0.076923077,15,30,18,5,7,12,31,32,37,18,56,433,Portugal,56,d,4
2010,G,42,North Korea,0,58,8,4,39,0.5,0,242,414,0.4875,0.428571429,39,91,80,129,0.428571429,0.620155039,0.691071429,123,194,1.417582417,7,15,4,0.038461538,11,21,18,1,16,7,25,50,25,13,48,541,Ivory Coast,48,l,1
2010,G,42,Ivory Coast,3,76,28,15,61,0.535714286,7,470,622,0.578125,0.691588785,74,107,128,172,0.691588785,0.744186047,0.92932243,268,343,1.607476636,4,6,3,0.076923077,14,19,21,9,8,16,25,30,45,16,67,4123,North Korea,67,w,4
2010,H,43,Honduras,0,58,7,2,43,0.285714286,4,201,347,0.769230769,0.412371134,40,97,52,72,0.412371134,0.722222222,0.570975416,109,178,0.742268041,4,15,5,0.041666667,13,18,17,4,17,7,49,13,38,15,50,4231,Chile,50,l,1
2010,H,43,Chile,1,73,20,5,57,0.25,6,383,526,1.3,0.587096774,91,155,70,93,0.587096774,0.752688172,0.78,222,278,0.6,5,12,6,0.043478261,14,22,16,6,13,6,25,25,50,21,53,433,Honduras,53,w,2
2010,H,44,Spain,0,77,24,8,63,0.333333333,12,527,683,1.555555556,0.751677852,112,149,72,108,0.751677852,0.666666667,1.127516779,343,426,0.724832215,3,6,2,0.090909091,16,23,16,14,9,11,33,28,39,8,62,4123,Switzerland,62,l,4
2010,H,44,Switzerland,1,57,8,3,37,0.375,3,182,318,0.755102041,0.425287356,37,87,49,78,0.425287356,0.628205128,0.676988037,96,153,0.896551724,3,20,10,0.03030303,14,15,12,2,21,4,0,67,33,21,45,442,Spain,45,w,1
2010,H,45,Chile,1,77,20,7,58,0.35,5,437,570,1.467741935,0.679104477,91,134,62,86,0.679104478,0.720930233,0.94198363,284,350,0.641791045,4,9,5,0.055555556,15,21,18,10,9,9,53,21,26,19,61,433,Switzerland,61,w,2
2010,H,45,Switzerland,0,56,7,1,42,0.142857143,3,165,296,0.314814815,0.217948718,17,78,54,71,0.217948718,0.76056338,0.286562203,94,147,0.910256411,5,15,9,0.034482759,9,16,17,6,16,7,40,20,40,26,53,442,Chile,53,l,1
2010,H,46,Spain,2,77,22,7,57,0.318181818,12,486,632,0.398305085,0.540229885,47,87,118,154,0.540229885,0.766233766,0.705045782,321,391,1.770114942,4,7,4,0.066666667,8,21,19,12,9,16,27,23,50,9,63,41212,Honduras,63,w,4
2010,H,46,Honduras,0,68,9,0,43,0,2,293,429,0.407407407,0.471428571,33,70,81,117,0.471428571,0.692307692,0.680952381,179,242,1.671428572,6,11,10,0.037037037,10,18,19,4,13,9,17,33,50,19,58,4231,Spain,58,l,3
2010,H,47,Chile,1,72,9,4,41,0.444444444,3,292,406,0.657142857,0.534883721,46,86,70,95,0.534883721,0.736842105,0.725913621,176,225,1.104651163,8,14,5,0.037037037,17,13,14,6,16,7,40,40,20,21,57,433,Spain,57,l,1
2010,H,47,Spain,2,84,9,3,59,0.333333333,4,617,734,0.298013245,0.616438356,45,73,151,178,0.616438356,0.848314607,0.726662433,421,483,2.438356162,2,6,5,0.076923077,14,33,23,4,6,7,62,25,13,13,55,4123,Chile,55,w,4
2010,H,48,Switzerland,0,79,17,5,56,0.294117647,5,485,611,0.526315789,0.543478261,50,92,95,115,0.543478261,0.826086957,0.657894737,340,404,1.25,4,11,5,0.05,16,24,16,4,12,8,28,43,29,12,53,442,Honduras,53,d,4
2010,H,48,Honduras,0,66,8,2,44,0.25,3,263,401,0.707692308,0.489361702,46,94,65,98,0.489361702,0.663265306,0.737806874,152,209,1.042553192,6,15,7,0.035714286,16,13,15,6,16,6,66,17,17,18,56,442,Switzerland,56,d,3
2010,16,49,Uruguay,2,62,14,8,45,0.571428571,3,268,434,0.661764706,0.436893204,45,103,68,99,0.436893204,0.686868687,0.636065106,155,232,0.961165049,4,11,6,0.047619048,16,15,21,5,12,10,20,10,70,12,62,433,South Korea,62,w,3
2010,16,49,South Korea,1,71,15,5,55,0.333333333,3,424,596,0.589285714,0.545454546,66,121,112,146,0.545454545,0.767123288,0.711038961,246,329,1.206611571,3,7,6,0.0625,14,17,21,9,8,15,9,27,64,12,68,4231,Uruguay,68,l,4
2010,16,50,United States,1,60,20,6,51,0.3,5,381,632,0.564705882,0.372093023,48,129,85,143,0.372093023,0.594405594,0.625991792,248,360,1.108527132,7,15,6,0.035714286,11,19,13,4,15,10,23,33,44,11,51,442,Ghana,51,l,1
2010,16,50,Ghana,2,63,16,6,49,0.375,4,451,711,0.794117647,0.532894737,81,152,102,167,0.532894737,0.610778443,0.87248452,268,392,1.09868421,3,10,6,0.052631579,14,19,21,5,12,10,34,33,33,19,59,523,United States,59,w,3
2010,16,51,Germany,4,66,17,7,48,0.411764706,4,273,411,0.711864407,0.506024096,42,83,59,97,0.506024096,0.608247423,0.831937921,172,231,1.168674699,5,11,8,0.041666667,14,15,17,8,11,11,27,40,33,7,63,4231,England,63,w,3
2010,16,51,England,1,70,19,9,52,0.473684211,6,357,508,0.438202247,0.419354839,39,93,89,119,0.419354839,0.74789916,0.560710402,229,296,1.279569893,5,9,5,0.052631579,19,25,14,6,10,7,33,42,25,6,56,442,Germany,56,l,4
2010,16,52,Argentina,3,73,11,6,51,0.545454545,2,380,522,0.419047619,0.530120482,44,83,105,141,0.530120482,0.744680851,0.711876076,231,298,1.698795182,4,12,3,0.052631579,16,20,19,6,15,5,25,50,25,11,53,4123,Mexico,53,w,4
2010,16,52,Mexico,1,75,16,6,49,0.375,5,389,522,0.584269663,0.604651163,52,86,89,123,0.604651163,0.723577236,0.835641495,248,313,1.430232558,3,7,5,0.066666667,13,21,20,12,8,11,28,43,29,26,64,433,Argentina,64,l,4
2010,16,53,Netherlands,2,74,16,9,52,0.5625,5,391,527,1.081967213,0.589285714,66,112,61,88,0.589285714,0.693181818,0.850117096,264,327,0.785714286,4,14,6,0.041666667,15,17,19,4,15,6,29,57,14,17,54,4231,Slovakia,54,w,2
2010,16,53,Slovakia,1,73,12,3,48,0.25,2,366,504,0.538461538,0.545454546,42,77,78,105,0.545454545,0.742857143,0.734265734,246,322,1.363636364,3,11,6,0.05,16,19,23,4,12,6,45,22,33,19,58,41212,Netherlands,58,l,3
2010,16,54,Brazil,3,63,17,6,50,0.352941176,8,282,451,0.546666667,0.445652174,41,92,75,116,0.445652174,0.646551724,0.689275362,166,243,1.260869566,3,14,5,0.045454545,14,18,15,5,16,10,25,42,33,14,52,41212,Chile,52,w,1
2010,16,54,Chile,0,65,15,3,50,0.2,6,329,507,0.392405063,0.382716049,31,81,79,126,0.382716049,0.626984127,0.610407876,219,300,1.555555555,3,9,4,0.0625,11,21,17,10,11,12,24,63,13,18,57,433,Brazil,57,l,4
2010,16,55,Paraguay,0,60,13,6,58,0.461538462,6,368,615,1.3125,0.446808511,63,141,48,104,0.446808511,0.461538462,0.968085106,257,370,0.737588652,4,12,6,0.045454545,15,16,20,8,14,5,56,22,22,26,58,4123,Japan,58,d,2
2010,16,55,Japan,0,53,12,5,42,0.416666667,5,225,428,0.484375,0.316326531,31,98,64,97,0.316326531,0.659793814,0.479432398,130,233,0.989795919,4,13,6,0.043478261,10,17,19,3,15,11,33,50,17,29,53,4123,Paraguay,53,d,1
2010,16,56,Spain,1,84,19,10,61,0.526315789,6,635,754,0.409638554,0.686868687,68,99,166,188,0.686868687,0.882978723,0.777899477,401,467,1.898989898,3,9,6,0.055555556,11,29,17,8,10,7,30,50,20,13,52,442,Portugal,52,w,4
2010,16,56,Portugal,0,70,9,3,39,0.333333333,3,315,453,0.428571429,0.43373494,36,83,84,113,0.43373494,0.743362832,0.583476764,195,257,1.361445784,6,16,7,0.034482759,16,19,11,7,17,1,28,43,29,18,48,4123,Spain,48,l,1
2010,8,57,Netherlands,2,73,11,5,51,0.454545455,4,307,422,0.85483871,0.504761905,53,105,62,75,0.504761905,0.826666667,0.610599078,192,242,0.714285714,2,12,5,0.052631579,15,19,22,2,13,10,14,29,57,19,56,4231,Brazil,56,w,2
2010,8,57,Brazil,1,75,15,4,49,0.266666667,8,325,435,0.518072289,0.5375,43,80,83,110,0.5375,0.754545455,0.712349398,199,245,1.375000001,3,14,7,0.041666667,10,22,16,4,16,8,39,15,46,20,48,41212,Netherlands,48,l,3
2010,8,58,Uruguay,1,52,14,6,48,0.428571429,12,254,493,0.962264151,0.418032787,51,122,53,108,0.418032787,0.490740741,0.851840396,150,263,0.885245901,4,13,4,0.047619048,15,16,20,5,15,8,66,17,17,23,56,442,Ghana,56,d,3
2010,8,58,Ghana,1,57,26,8,52,0.307692308,8,350,615,0.533333333,0.4,48,120,90,154,0.4,0.584415584,0.684444444,212,341,1.283333334,4,11,4,0.052631579,12,22,19,5,11,12,8,46,46,23,56,4141,Uruguay,56,d,1
2010,8,59,Argentina,0,72,20,7,53,0.35,5,446,623,0.215517241,0.462962963,25,54,116,168,0.462962963,0.69047619,0.670498084,305,401,3.111111115,3,10,4,0.058823529,11,23,19,7,12,11,7,43,50,20,55,41212,Germany,55,l,4
2010,8,59,Germany,4,63,18,6,47,0.333333333,4,334,529,0.376237624,0.520547945,38,73,101,165,0.520547945,0.612121212,0.850400109,195,291,2.260273975,5,10,7,0.045454545,9,17,19,11,11,11,50,14,36,14,62,4231,Argentina,62,w,3
2010,8,60,Paraguay,0,55,9,4,40,0.444444444,1,190,347,0.359375,0.255555556,23,90,64,90,0.255555556,0.711111111,0.359375,103,167,1,7,17,9,0.03030303,12,15,16,2,18,4,60,20,20,25,50,4132,Spain,50,l,1
2010,8,60,Spain,1,79,16,6,60,0.375,7,532,672,0.448529412,0.544642857,61,112,136,166,0.544642857,0.819277108,0.664784664,335,394,1.482142858,4,9,6,0.052631579,16,21,18,7,10,9,19,50,31,12,60,4132,Paraguay,60,w,4
2010,4,61,Uruguay,2,58,12,6,47,0.5,4,326,565,0.388888889,0.472972973,35,74,90,160,0.472972973,0.5625,0.840840841,201,331,2.162162162,3,9,6,0.055555556,16,16,24,11,12,3,57,29,14,15,63,442,Netherlands,63,l,3
2010,4,61,Netherlands,3,64,11,7,53,0.636363636,5,390,610,0.390909091,0.457446808,43,94,110,184,0.457446809,0.597826087,0.765183752,237,332,1.957446809,6,12,7,0.04,18,19,12,4,14,8,25,50,25,16,55,4231,Uruguay,55,w,2
2010,4,62,Germany,0,75,5,2,49,0.4,6,441,589,0.5625,0.463917526,45,97,80,105,0.463917526,0.761904762,0.608891753,316,387,1.082474227,3,12,10,0.04,15,18,20,4,13,5,57,14,29,9,57,4231,Spain,57,l,3
2010,4,62,Spain,1,81,13,5,51,0.384615385,7,590,731,0.557377049,0.612612613,68,111,122,154,0.612612613,0.792207792,0.773297888,400,466,1.387387387,2,8,4,0.071428571,12,23,20,9,10,12,24,38,38,7,59,4231,Germany,59,w,4
2010,3,63,Uruguay,2,62,16,7,47,0.4375,6,303,485,0.405063291,0.432432432,32,74,79,133,0.432432432,0.593984962,0.728019158,192,278,1.797297299,2,11,7,0.05,12,19,24,4,13,8,23,33,44,13,57,442,Germany,57,l,3
2010,3,63,Germany,3,66,18,7,53,0.388888889,12,393,591,0.369565217,0.404761905,34,84,92,138,0.404761905,0.666666667,0.607142857,267,369,1.642857143,4,10,6,0.05,15,19,15,11,11,9,31,38,31,11,60,4231,Uruguay,60,w,4
2010,1,64,Netherlands,0,62,13,5,43,0.384615385,6,294,475,1.12962963,0.512605042,61,119,54,98,0.512605042,0.551020408,0.930283224,179,258,0.823529412,5,17,11,0.03030303,9,15,17,3,18,5,36,9,55,28,50,4231,Spain,50,l,1
2010,1,64,Spain,1,76,19,6,57,0.315789474,8,542,715,0.432624113,0.544642857,61,112,141,174,0.544642857,0.810344828,0.672112462,340,429,1.553571428,5,8,4,0.058823529,15,26,20,5,9,8,20,47,33,19,57,4231,Netherlands,57,w,4